<?xml version="1.0" encoding="utf-8"?>

<ModMetaData>
	<name>RimSearch</name>
	<author>ChJees,Rock5 - updated by Valcrafto</author>
  <url>https://ludeon.com/forums/index.php?topic=46560.0</url>
	<targetVersion>1.0.2059</targetVersion>
<description>Ever wanted to easily find a certain item after a trade on the map or where one of your named animals are? Then this mod is for you!

Default keybinding for opening the search window is 'Z'. Can be rebound.

Search for:
*Pawns by name or kind.
*Pawns belonging to colony.
*Things by their name.
*Across multiplie maps.
*With one click you can go to your pawn, thing or location!

Changes:
- Updated to work with 1.0
- Translate to Spanish

Credits:
ChJees – Concept, C# &amp; XML
Rock5 - Update to B18 and minor fixes
Valcrafto - Update to 1.0
</description>
</ModMetaData>